1,华桧,33,2000/1/2,40386
2,濮闶叔,51,2000/1/3,15632
3,濮仵晴,23,2000/1/4,27177
4,濮娅雅,26,2000/1/5,35567
5,濮肢绐,71,2000/1/6,20749
6,惠莶,83,2000/1/7,24273
7,惠禺,87,2000/1/8,16940
8,惠蹯,11,2000/1/9,21244
9,惠吊,40,2000/1/10,34905
10,惠忍,86,2000/1/11,40176
11,惠让,83,2000/1/12,14522
12,惠邵,47,2000/1/13,44853
13,惠汩,45,2000/1/14,49332
14,惠柘,81,2000/1/15,41589
15,惠挝,31,2000/1/16,36753
16,史潦,8,2000/1/17,13686
17,仪赳苹,51,2000/1/18,43167
18,穆埠,7,2000/1/19,38757
19,穆缄,22,2000/1/20,17041
20,穆钳,36,2000/1/21,15636
21,范剂,54,2000/1/22,45745
22,申屠秦,44,2000/1/23,34306
23,申屠嗟,89,2000/1/24,16097
24,申屠侧,87,2000/1/25,49334
25,申屠仫,86,2000/1/26,10564
26,后臃运,70,2000/1/27,32756
27,后刽哒,72,2000/1/28,48621
28,后芒论,62,2000/1/29,49069
29,后打檄,61,2000/1/30,21234
30,后口卧,91,2000/1/31,43749
31,后甑慰,30,2000/2/1,31415
32,后苕显,64,2000/2/2,41817
33,后臌篆,47,2000/2/3,33801
34,后逝浙,52,2000/2/4,20966
35,后砘楗,47,2000/2/5,24268
36,后绁委,1,2000/2/6,43828
37,乌氓仗,93,2000/2/7,13116
38,乌贽烘,35,2000/2/8,41182
39,乌诓傻,74,2000/2/9,17856
40,乌跆劣,46,2000/2/10,20560
41,乌烟甥,94,2000/2/11,24299
42,乌记责,54,2000/2/12,36083
43,乌震诓,8,2000/2/13,16962
44,乌筻簇,11,2000/2/14,12964
45,乌妊珞,24,2000/2/15,24258
46,乌针颃,43,2000/2/16,29049
47,乌蕨畔,36,2000/2/17,29506
48,乌境磉,49,2000/2/18,44393
49,乌孝砸,97,2000/2/19,14275
50,乐帽,54,2000/2/20,48461
51,乐目,75,2000/2/21,48490
52,乐鲁,56,2000/2/22,13427
53,乐脐,23,2000/2/23,26468
54,乐亭,42,2000/2/24,11611
55,乐挟,53,2000/2/25,36471
56,乐洗,9,2000/2/26,26685
57,左丘漏,94,2000/2/27,15038
58,左丘掣,31,2000/2/28,14051
59,左丘拐,98,2000/2/29,22390
60,左丘谨,52,2000/3/1,42859
61,左丘轻,20,2000/3/2,22874
62,左丘捉,35,2000/3/3,39707
63,左丘圻,43,2000/3/4,21196
64,左丘虑,73,2000/3/5,49577
65,左丘仿,47,2000/3/6,19343
66,左丘浪,49,2000/3/7,43883
67,左丘逛,24,2000/3/8,14614
68,左丘效,30,2000/3/9,22641
69,左丘回,3,2000/3/10,37950
70,左丘盯,80,2000/3/11,25732
71,左丘评,2,2000/3/12,34828
72,佴艏屣,0,2000/3/13,11050
73,佴泾络,22,2000/3/14,33074
74,佴撤虺,61,2000/3/15,45076
75,佴妥囗,44,2000/3/16,33916
76,佴搴蘩,61,2000/3/17,45375
77,佴娆褓,9,2000/3/18,39046
78,随愆饯,91,2000/3/19,23842
79,随涧怅,55,2000/3/20,45671
80,端鲕济,17,2000/3/21,38258
81,端祜郢,23,2000/3/22,22934
82,端毖旭,79,2000/3/23,18529
83,充嚅缘,49,2000/3/24,19217
84,充宥馅,73,2000/3/25,19682
85,充逍耿,44,2000/3/26,24558
86,充嚯谏,90,2000/3/27,49824
87,充况四,70,2000/3/28,30826
88,充余濂,43,2000/3/29,15906
89,充沿娴,47,2000/3/30,48786
90,左郴,61,2000/3/31,36682
91,左劫,97,2000/4/1,48101
92,左网,56,2000/4/2,36611
93,左烯,54,2000/4/3,38008
94,左峒,27,2000/4/4,39857
95,左国,15,2000/4/5,24321
96,左卯,38,2000/4/6,18558
97,左杓,94,2000/4/7,31668
98,左肾,2,2000/4/8,36700
99,左謦,7,2000/4/9,22623
100,左提,6,2000/4/10,33412
101,左嗝,82,2000/4/11,27310
102,利闼,42,2000/4/12,30624
103,利酵,70,2000/4/13,19255
104,利恋,90,2000/4/14,11283
105,利覃,93,2000/4/15,29749
106,利贞,85,2000/4/16,36491
107,利况,56,2000/4/17,16242
108,利笈,33,2000/4/18,49839
109,利蔚,96,2000/4/19,35864
110,利宏,33,2000/4/20,26757
111,利鳊,11,2000/4/21,26774
112,利坡,94,2000/4/22,41592
113,利沧,66,2000/4/23,13878
114,利茄,32,2000/4/24,42406
115,利洼,64,2000/4/25,31075
116,利洚,13,2000/4/26,29256
117,利泮,51,2000/4/27,14717
118,利赵,57,2000/4/28,27445
119,焦涨,93,2000/4/29,39236
120,焦肪,35,2000/4/30,15188
121,董搦,13,2000/5/1,40164
122,易则,24,2000/5/2,37005
123,易垄,37,2000/5/3,32576
124,易绗,71,2000/5/4,49883
125,易钼,51,2000/5/5,31208
126,易说,61,2000/5/6,25123
127,易轨,42,2000/5/7,31946
128,易蟠,90,2000/5/8,22926
129,万些,44,2000/5/9,42635
130,万邗,55,2000/5/10,35455
131,万痴,67,2000/5/11,30783
132,万殷,50,2000/5/12,43313
133,万展,90,2000/5/13,43481
134,万喂,61,2000/5/14,24255
135,万蚜,14,2000/5/15,29705
136,万溴,33,2000/5/16,20276
137,万帜,11,2000/5/17,35750
138,万蝇,6,2000/5/18,35915
139,万郑,29,2000/5/19,41986
140,万呸,75,2000/5/20,19818
141,万碜,69,2000/5/21,26982
142,万振,21,2000/5/22,49323
143,万丕,22,2000/5/23,33902
144,吕藜锫,81,2000/5/24,25582
145,吕蛩酲,100,2000/5/25,39806
146,吕毒莉,19,2000/5/26,12186
147,吕跫钲,66,2000/5/27,18710
148,吕万晟,46,2000/5/28,40215
149,吕裤钾,57,2000/5/29,38946
150,吕浍粲,96,2000/5/30,17642
151,吕仗弯,45,2000/5/31,40386
152,吕诧如,16,2000/6/1,47292
153,吕院湛,44,2000/6/2,36018
154,吕荬跆,11,2000/6/3,42170
155,吕访蚌,85,2000/6/4,18758
156,闾筐,21,2000/6/5,40189
157,闾贷,92,2000/6/6,42371
158,闾枫,51,2000/6/7,28173
159,闾户,93,2000/6/8,35366
160,闾种,58,2000/6/9,43339
161,闾羚,45,2000/6/10,34621
162,闾吁,46,2000/6/11,18186
163,闾丸,3,2000/6/12,13255
164,闾胍,25,2000/6/13,17818
165,闾斯,33,2000/6/14,40720
166,闾椎,98,2000/6/15,16294
167,闾审,38,2000/6/16,36262
168,闾顼,6,2000/6/17,14382
169,闾蒽,82,2000/6/18,23266
170,闾篼,79,2000/6/19,26308
171,勾扫,57,2000/6/20,20645
172,勾蒺,48,2000/6/21,49664
173,勾那,34,2000/6/22,37042
174,勾叟,29,2000/6/23,33360
175,勾垧,49,2000/6/24,31463
176,勾偾,55,2000/6/25,46285
177,勾亍,98,2000/6/26,14054
178,勾肯,92,2000/6/27,23069
179,勾垴,34,2000/6/28,10298
180,勾冕,84,2000/6/29,37442
181,勾锸,99,2000/6/30,12388
182,陆酊蘖,7,2000/7/1,43367
183,陆丌菥,32,2000/7/2,10101
184,陆竹杆,13,2000/7/3,26934
185,司徒侨,51,2000/7/4,47883
186,司徒合,90,2000/7/5,42581
187,司徒阗,44,2000/7/6,16154
188,司徒嬷,36,2000/7/7,13140
189,司徒蔟,6,2000/7/8,39317
190,司徒毓,51,2000/7/9,17077
191,司徒矾,77,2000/7/10,32915
192,梁垭,76,2000/7/11,38623
193,梁羿,69,2000/7/12,19331
194,梁隼,39,2000/7/13,33552
195,梁煌,79,2000/7/14,35326
196,梁鋈,82,2000/7/15,47494
197,梁立,61,2000/7/16,10137
198,梁囔,9,2000/7/17,19185
199,梁献,38,2000/7/18,38681
200,梁舌,43,2000/7/19,18978
201,梁菸,50,2000/7/20,10238
202,梁联,78,2000/7/21,33226
203,梁垲,52,2000/7/22,47926
204,梁眄,90,2000/7/23,24796
205,司空卜,11,2000/7/24,35043
206,司空篥,41,2000/7/25,15667
207,司空来,45,2000/7/26,42669
208,司空颉,63,2000/7/27,18730
209,司空煨,48,2000/7/28,21826
210,司空哥,86,2000/7/29,21104
211,司空揆,48,2000/7/30,26365
212,司空痣,59,2000/7/31,11885
213,仉碜缑,69,2000/8/1,26600
214,仉铫癃,33,2000/8/2,19208
215,仉赳僖,51,2000/8/3,16478
216,仉管毙,73,2000/8/4,21936
217,仉茯茇,62,2000/8/5,41560
218,仉戌囡,6,2000/8/6,15381
219,仉崖晖,69,2000/8/7,28732
220,仉芷四,16,2000/8/8,24192
221,靳枝,26,2000/8/9,21499
222,养甏,21,2000/8/10,24275
223,养旷,14,2000/8/11,44461
224,养笄,29,2000/8/12,49945
225,厉嗷,27,2000/8/13,33576
226,童庾牢,92,2000/8/14,16460
227,童输锫,74,2000/8/15,43822
228,赵爷,57,2000/8/16,43335
229,赵仙,93,2000/8/17,30478
230,赵啦,43,2000/8/18,27549
231,赵找,68,2000/8/19,24155
232,赵摺,35,2000/8/20,46151
233,赵烩,36,2000/8/21,20473
234,闫狡,96,2000/8/22,33299
235,闫造,23,2000/8/23,36460
236,闫霪,23,2000/8/24,39264
237,乔集厚,78,2000/8/25,20269
238,乔獭董,9,2000/8/26,31856
239,乜蜿肀,46,2000/8/27,27345
240,乜崂死,37,2000/8/28,48301
241,乜樊众,13,2000/8/29,22124
242,乜茸邪,78,2000/8/30,42907
243,乜饽可,8,2000/8/31,41638
244,靳蕤蹋,31,2000/9/1,23446
245,靳疋碓,10,2000/9/2,34766
246,靳弁赌,70,2000/9/3,25772
247,靳般怼,17,2000/9/4,19715
248,靳镗崴,53,2000/9/5,23356
249,靳伽燃,52,2000/9/6,31227
250,倪枕,57,2000/9/7,12922
251,倪廨,59,2000/9/8,15829
252,倪潜,96,2000/9/9,44449
253,倪毵,79,2000/9/10,43765
254,倪莉,28,2000/9/11,38708
255,倪逄,81,2000/9/12,20323
256,倪抿,87,2000/9/13,17825
257,倪纲,17,2000/9/14,28385
258,倪哑,74,2000/9/15,37182
259,倪怔,49,2000/9/16,35299
260,倪输,95,2000/9/17,26681
261,倪昶,59,2000/9/18,38268
262,公良夂,57,2000/9/19,26366
263,公良蚵,44,2000/9/20,46133
264,公良猴,44,2000/9/21,11108
265,公良俸,35,2000/9/22,35015
266,公良候,40,2000/9/23,20869
267,公良氘,54,2000/9/24,35770
268,公良沟,59,2000/9/25,35108
269,公良杨,55,2000/9/26,33108
270,公良醛,93,2000/9/27,33018
271,楚桕汆,54,2000/9/28,31063
272,楚鹅盯,34,2000/9/29,33995
273,楚桡聂,27,2000/9/30,16620
274,楚芋瞍,40,2000/10/1,24828
275,楚段簖,13,2000/10/2,27121
276,楚铨终,56,2000/10/3,11056
277,楚怛蹭,61,2000/10/4,37762
278,楚廓鋈,53,2000/10/5,13547
279,楚瘗贯,55,2000/10/6,20938
280,厉茭震,71,2000/10/7,17251
281,厉驽聊,5,2000/10/8,44035
282,厉傩扃,15,2000/10/9,48899
283,厉臂披,65,2000/10/10,34855
284,厉渍萘,11,2000/10/11,14168
285,厉计想,27,2000/10/12,47820
286,厉萱誓,38,2000/10/13,35944
287,厉歉稚,42,2000/10/14,47561
288,厉霾钷,83,2000/10/15,45380
289,厉甄岣,54,2000/10/16,19324
290,厉堤呤,53,2000/10/17,44370
291,厉获紊,81,2000/10/18,49293
292,毛氢,29,2000/10/19,22471
293,毛虐,16,2000/10/20,28321
294,毛荛,14,2000/10/21,41624
295,毛垌,16,2000/10/22,28958
296,毛驮,100,2000/10/23,46554
297,毛魄,35,2000/10/24,32741
298,毛举,96,2000/10/25,47789
299,毛强,24,2000/10/26,40425
300,毛晤,87,2000/10/27,40801
301,毛申,8,2000/10/28,32972
302,毛觋,20,2000/10/29,18561
303,毛绳,34,2000/10/30,30500
304,毛佤,62,2000/10/31,46400
305,毛炮,5,2000/11/1,15118
306,毛庚,32,2000/11/2,17621
307,毛遭,47,2000/11/3,37289
308,毛眢,13,2000/11/4,41474
309,毛触,15,2000/11/5,26333
310,毛赶,62,2000/11/6,48462
311,毛禧,100,2000/11/7,29425
312,毛鸨,89,2000/11/8,16697
313,毛敫,98,2000/11/9,12381
314,毛淑,28,2000/11/10,31269
315,毛和,0,2000/11/11,27368
316,毛厌,68,2000/11/12,24922
317,毛枝,55,2000/11/13,17578
318,毛侄,73,2000/11/14,30146
319,毛葑,59,2000/11/15,24443
320,毛阋,71,2000/11/16,35941
321,单雍嫠,46,2000/11/17,26398
322,禄栏,4,2000/11/18,31860
323,禄匙,11,2000/11/19,38446
324,禄秀,35,2000/11/20,43861
325,禄嚅,47,2000/11/21,36221
326,禄阝,67,2000/11/22,31707
327,禄痴,9,2000/11/23,30508
328,禄睡,57,2000/11/24,39173
329,禄鳇,38,2000/11/25,37079
330,禄蝌,2,2000/11/26,27710
331,禄晨,80,2000/11/27,44989
332,禄讲,11,2000/11/28,21397
333,禄怖,93,2000/11/29,47985
334,禄痣,25,2000/11/30,48076
335,井罚含,27,2000/12/1,14019
336,井挥侵,29,2000/12/2,46632
337,井蚬莆,62,2000/12/3,40634
338,井诛窨,7,2000/12/4,46795
339,井栈哧,16,2000/12/5,13901
340,井吆蹊,55,2000/12/6,11853
341,井究胝,51,2000/12/7,18555
342,井膜舻,25,2000/12/8,42549
343,云撂蔬,100,2000/12/9,36014
344,云嗝振,60,2000/12/10,40202
345,云攀莺,21,2000/12/11,46165
346,云跻吼,9,2000/12/12,35015
347,云腕栲,62,2000/12/13,15497
348,云拜闺,98,2000/12/14,18647
349,云牒梵,64,2000/12/15,16565
350,云煦菜,67,2000/12/16,45894
351,云汹辚,17,2000/12/17,37973
352,云袤奇,85,2000/12/18,24420
353,折囫,22,2000/12/19,40311
354,折禅,68,2000/12/20,35630
355,折呵,23,2000/12/21,48945
356,折牝,91,2000/12/22,48364
357,折核,24,2000/12/23,31799
358,折衰,3,2000/12/24,40210
359,折王,26,2000/12/25,48715
360,折典,74,2000/12/26,29570
361,折梧,21,2000/12/27,40503
362,折赌,84,2000/12/28,29942
363,折昕,58,2000/12/29,16014
364,折鸿,30,2000/12/30,21980
365,关笸,31,2000/12/31,49187
366,关亵,67,2001/1/1,40511
367,关本,72,2001/1/2,27515
368,关犸,86,2001/1/3,41087
369,关犷,64,2001/1/4,31069
370,关潲,5,2001/1/5,19199
371,关筋,89,2001/1/6,19772
372,关瘫,46,2001/1/7,34709
373,关倜,3,2001/1/8,36835
374,关淞,61,2001/1/9,41361
375,关捕,60,2001/1/10,49335
376,关葙,64,2001/1/11,12858
377,关傀,36,2001/1/12,35677
378,关虽,78,2001/1/13,49957
379,关诛,13,2001/1/14,45107
380,关啸,68,2001/1/15,10492
381,刘磁糗,3,2001/1/16,31529
382,刘辎沣,80,2001/1/17,48326
383,刘骜术,16,2001/1/18,48476
384,百里嵫,76,2001/1/19,31727
385,百里丫,49,2001/1/20,13228
386,百里了,39,2001/1/21,16332
387,百里乖,86,2001/1/22,38508
388,百里磙,54,2001/1/23,41558
389,关觉咽,93,2001/1/24,14336
390,关倚荜,11,2001/1/25,16592
391,关风薇,54,2001/1/26,25007
392,关祖蠕,51,2001/1/27,37119
393,关钴健,79,2001/1/28,16592
394,关瘸数,94,2001/1/29,10308
395,景役咋,81,2001/1/30,47069
396,景鹗澄,24,2001/1/31,43269
397,景翌佥,19,2001/2/1,21044
398,景括禄,38,2001/2/2,38072
399,景哄醍,17,2001/2/3,45443
400,景恹宦,10,2001/2/4,46158
401,景铸冱,35,2001/2/5,46101
402,景缔椒,7,2001/2/6,43509
403,景瘙懔,34,2001/2/7,40222
404,景疹丽,62,2001/2/8,30488
405,景莘濠,40,2001/2/9,35314
406,景蜃稚,52,2001/2/10,28153
407,景俐住,96,2001/2/11,49541
408,刁桁,94,2001/2/12,30323
409,刁铺,23,2001/2/13,24918
410,刁擎,47,2001/2/14,13614
411,刁芏,91,2001/2/15,16358
412,刁堕,18,2001/2/16,42172
413,刁霸,64,2001/2/17,36010
414,刁偻,92,2001/2/18,34119
415,刁戊,35,2001/2/19,18059
416,刁眺,79,2001/2/20,27340
417,刁蚕,44,2001/2/21,12248
418,刁镘,89,2001/2/22,29457
419,刁妍,78,2001/2/23,10823
420,刁偻,10,2001/2/24,23055
421,端木跷婚,60,2001/2/25,12924
422,尹钋苜,39,2001/2/26,22414
423,贺兰龛箦,88,2001/2/27,29771
424,贺兰嗡翰,8,2001/2/28,24131
425,贺兰曾埃,72,2001/3/1,43378
426,贺兰枵第,74,2001/3/2,40140
427,贺兰捱疱,16,2001/3/3,23569
428,赖键,12,2001/3/4,40499
429,赖舀,67,2001/3/5,49099
430,赖兜,15,2001/3/6,16178
431,赖器,42,2001/3/7,49332
432,赖涩,13,2001/3/8,22402
433,赖挞,1,2001/3/9,39380
434,强敫趺,52,2001/3/10,14576
435,裘鲈泥,67,2001/3/11,12063
436,裘暴悼,27,2001/3/12,33189
437,裘高昝,99,2001/3/13,30836
438,费榕,45,2001/3/14,23067
439,费锯,83,2001/3/15,27281
440,费灏,9,2001/3/16,19129
441,费仔,62,2001/3/17,11341
442,费憋,2,2001/3/18,17089
443,费疟,89,2001/3/19,37966
444,费洗,4,2001/3/20,47879
445,费诓,96,2001/3/21,29987
446,夏侯赠,58,2001/3/22,35301
447,夏侯河,80,2001/3/23,29170
448,夏侯陇,59,2001/3/24,13333
449,夏侯鍪,15,2001/3/25,19845
450,夏侯虢,29,2001/3/26,10430
451,夏侯冁,24,2001/3/27,31651
452,夏侯舰,93,2001/3/28,41984
453,夏侯盆,28,2001/3/29,25355
454,夏侯垒,67,2001/3/30,24752
455,夏侯瓴,74,2001/3/31,47393
456,夏侯冯,28,2001/4/1,12805
457,夏侯察,87,2001/4/2,24801
458,夏侯敫,38,2001/4/3,14526
459,夏侯朵,31,2001/4/4,12874
460,衡钿陂,40,2001/4/5,18328
461,衡涕臌,82,2001/4/6,24249
462,衡俭湮,37,2001/4/7,21749
463,衡嶝牛,83,2001/4/8,20878
464,衡酪咨,26,2001/4/9,34921
465,衡镭崤,75,2001/4/10,47769
466,衡淫哐,33,2001/4/11,34472
467,衡弋屙,98,2001/4/12,19307
468,衡里羽,92,2001/4/13,29156
469,衡魏缓,76,2001/4/14,22808
470,衡慷丝,73,2001/4/15,43631
471,曲宸珩,3,2001/4/16,12689
472,曲直劫,8,2001/4/17,17266
473,曲鲵授,0,2001/4/18,25170
474,曲劭撤,77,2001/4/19,42209
475,曲蝠瘕,72,2001/4/20,13548
476,曲拉坝,21,2001/4/21,48565
477,曲磕殊,69,2001/4/22,47354
478,曲辰扁,71,2001/4/23,29294
479,曲戮轼,61,2001/4/24,17824
480,饶蔟奥,81,2001/4/25,44880
481,饶幼止,27,2001/4/26,41718
482,饶蟥镦,19,2001/4/27,30880
483,饶窃缕,0,2001/4/28,18506
484,饶笠牦,78,2001/4/29,39929
485,饶塬愈,69,2001/4/30,22165
486,饶郐谭,23,2001/5/1,24872
487,饶傅荣,14,2001/5/2,37138
488,饶喵癔,41,2001/5/3,36940
489,饶竿负,73,2001/5/4,35171
490,饶柒承,96,2001/5/5,18320
491,饶焙峰,38,2001/5/6,29496
492,饶荔耿,78,2001/5/7,20710
493,饶恬瘳,61,2001/5/8,31082
494,仇每,68,2001/5/9,30490
495,仇铖,51,2001/5/10,33766
496,仇轫,38,2001/5/11,14381
497,仇彭,65,2001/5/12,38146
498,仇晏,16,2001/5/13,48200
499,仇雠,65,2001/5/14,35824
500,仇腈,45,2001/5/15,16832
501,仇客,68,2001/5/16,16389
502,仇仆,77,2001/5/17,32131
503,仇玛,42,2001/5/18,39542
504,仇脬,21,2001/5/19,24171
505,仇封,29,2001/5/20,28061
506,仇都,35,2001/5/21,18803
507,仇锐,77,2001/5/22,47413
508,仇指,20,2001/5/23,16713
509,廉枳,80,2001/5/24,10934
510,廉涮,93,2001/5/25,29713
511,廉翩,7,2001/5/26,36025
512,廉衙,12,2001/5/27,28198
513,廉望,51,2001/5/28,15880
514,廉窘,86,2001/5/29,44282
515,廉讲,100,2001/5/30,17558
516,廉血,36,2001/5/31,26809
517,廉然,29,2001/6/1,11042
518,廉皱,97,2001/6/2,23608
519,廉灬,58,2001/6/3,42252
520,廉爻,32,2001/6/4,17647
521,万俟羌,14,2001/6/5,29830
522,羊槛,1,2001/6/6,44357
523,羊色,38,2001/6/7,42250
524,羊盏,87,2001/6/8,18933
525,辛楞,10,2001/6/9,49985
526,辛诔,84,2001/6/10,19669
527,辛牯,83,2001/6/11,43078
528,辛夺,60,2001/6/12,13901
529,辛诚,41,2001/6/13,33001
530,辛脆,39,2001/6/14,49501
531,辛郐,79,2001/6/15,45809
532,辛辔,44,2001/6/16,14678
533,辛僧,86,2001/6/17,47242
534,辛憎,38,2001/6/18,20159
535,辛郡,42,2001/6/19,26720
536,辛霭,97,2001/6/20,25964
537,辛侍,79,2001/6/21,44049
538,辛觏,48,2001/6/22,19921
539,仲惨哙,59,2001/6/23,32022
540,仲棣颦,16,2001/6/24,36871
541,仲仫庀,21,2001/6/25,27711
542,仲或衿,69,2001/6/26,43550
543,仲磙捩,8,2001/6/27,42613
544,仲绮溪,96,2001/6/28,10076
545,仲尺孤,91,2001/6/29,37791
546,仲奖韭,45,2001/6/30,42024
547,仲枨次,21,2001/7/1,43675
548,仲眭锡,74,2001/7/2,13178
549,仲踟读,53,2001/7/3,36246
550,仲夼揸,77,2001/7/4,20508
551,仲?历,8,2001/7/5,49963
552,鲍汞濉,49,2001/7/6,30277
553,鲍免饧,34,2001/7/7,21280
554,司马诂,9,2001/7/8,25799
555,司马朔,93,2001/7/9,20407
556,司马刎,71,2001/7/10,47270
557,司马敝,100,2001/7/11,37521
558,司马畲,32,2001/7/12,21837
559,司马汴,20,2001/7/13,27317
560,司马使,38,2001/7/14,37460
561,司马帱,43,2001/7/15,13159
562,司马蛮,11,2001/7/16,36762
563,司马获,55,2001/7/17,38256
564,司马涯,63,2001/7/18,46884
565,司马儿,65,2001/7/19,17024
566,亢跷,49,2001/7/20,18124
567,亢枋,43,2001/7/21,26378
568,亢萼,13,2001/7/22,45479
569,亢饨,98,2001/7/23,21159
570,亢蚓,89,2001/7/24,46402
571,亢钿,29,2001/7/25,29597
572,亢耐,46,2001/7/26,11631
573,亢拎,36,2001/7/27,14604
574,亢糗,6,2001/7/28,32626
575,亢浃,10,2001/7/29,23154
576,亢脂,62,2001/7/30,49591
577,亢薹,82,2001/7/31,26876
578,亢跗,87,2001/8/1,38950
579,亢峭,0,2001/8/2,18143
580,索佰嚣,7,2001/8/3,33026
581,索陵踮,34,2001/8/4,31095
582,索茔洁,95,2001/8/5,49826
583,索怆眺,82,2001/8/6,45001
584,索臆骛,69,2001/8/7,37249
585,索血修,66,2001/8/8,10210
586,桂腠铀,20,2001/8/9,46447
587,桂佞何,3,2001/8/10,46744
588,桂锾庆,14,2001/8/11,23720
589,桂疋邗,18,2001/8/12,41462
590,桂郏粤,55,2001/8/13,35215
591,桂无溜,78,2001/8/14,43817
592,桂字帛,46,2001/8/15,13035
593,桂葱佑,12,2001/8/16,13990
594,桂凯甫,64,2001/8/17,16317
595,桂摔雇,2,2001/8/18,40638
596,桂不豉,10,2001/8/19,39645
597,桂艉耸,88,2001/8/20,20892
598,席谤,88,2001/8/21,22669
599,席懒,94,2001/8/22,46874
600,席诶,52,2001/8/23,12511
601,席财,52,2001/8/24,15479
602,张廖默,30,2001/8/25,40250
603,张廖匏,36,2001/8/26,14292
604,张廖缤,28,2001/8/27,15224
605,张廖短,79,2001/8/28,16280
606,张廖肭,25,2001/8/29,27966
607,张廖檩,29,2001/8/30,11669
608,张廖职,99,2001/8/31,33941
609,张廖泳,37,2001/9/1,16457
610,张廖隗,43,2001/9/2,31672
611,张廖傀,1,2001/9/3,21875
612,张廖狞,98,2001/9/4,28849
613,暨泞口,71,2001/9/5,13112
614,暨邝苒,67,2001/9/6,20641
615,暨捂惠,7,2001/9/7,26439
616,暨鎏仓,73,2001/9/8,31829
617,暨童拓,94,2001/9/9,16577
618,暨谍杆,98,2001/9/10,28060
619,暨郄嘘,70,2001/9/11,30497
620,暨檀俊,60,2001/9/12,18013
621,程混,100,2001/9/13,30399
622,祁侣,14,2001/9/14,31014
623,祁涡,32,2001/9/15,23822
624,祁殴,30,2001/9/16,49175
625,车正烛鸷,47,2001/9/17,13698
626,车正亚勤,35,2001/9/18,17470
627,车正涧琥,80,2001/9/19,21279
628,车正承窈,89,2001/9/20,45027
629,车正弭炙,56,2001/9/21,17448
630,祭铎泼,43,2001/9/22,24678
631,祭幌牲,93,2001/9/23,32509
632,祭约掭,80,2001/9/24,29555
633,祭闭毓,5,2001/9/25,43970
634,祭酃观,29,2001/9/26,13543
635,祭黼伏,28,2001/9/27,22030
636,祭纩镖,82,2001/9/28,49075
637,祭惩愣,19,2001/9/29,34619
638,祭呀陉,88,2001/9/30,31817
639,祭犷衅,2,2001/10/1,23879
640,祭菩聿,4,2001/10/2,23422
641,祭郯坦,6,2001/10/3,43597
642,燕平,89,2001/10/4,11711
643,燕宀,41,2001/10/5,28564
644,燕叹,10,2001/10/6,36148
645,燕琶,12,2001/10/7,29764
646,燕擗,50,2001/10/8,33279
647,燕口,12,2001/10/9,39751
648,燕茛,15,2001/10/10,16686
649,燕丸,89,2001/10/11,24153
650,燕裣,49,2001/10/12,32704
651,燕便,12,2001/10/13,46461
652,燕痉,84,2001/10/14,27648
653,燕赳,72,2001/10/15,15934
654,燕骨,5,2001/10/16,27610
655,危榈,28,2001/10/17,37419
656,危叫,91,2001/10/18,11233
657,危锊,32,2001/10/19,18760
658,危考,16,2001/10/20,13898
659,危肀,73,2001/10/21,37771
660,危祯,30,2001/10/22,34332
661,危锂,39,2001/10/23,49947
662,危薏,97,2001/10/24,18562
663,危衩,48,2001/10/25,10841
664,危叵,23,2001/10/26,16594
665,危舶,83,2001/10/27,13553
666,危毛,63,2001/10/28,17848
667,危腹,81,2001/10/29,11994
668,南郭苷霭,31,2001/10/30,26846
669,南郭戋反,51,2001/10/31,38830
670,南郭糅擞,35,2001/11/1,18106
671,应瑶傺,93,2001/11/2,30923
672,应拗谠,89,2001/11/3,25821
673,邹聃锋,25,2001/11/4,11872
674,邹咳鬲,30,2001/11/5,32155
675,邹跄蒗,9,2001/11/6,11121
676,邹酥瓯,67,2001/11/7,44978
677,邹郗响,76,2001/11/8,49638
678,邹弼万,42,2001/11/9,28259
679,贺螫酬,53,2001/11/10,42589
680,贺犊腈,43,2001/11/11,12918
681,贺撑臬,22,2001/11/12,22562
682,贺貊腚,3,2001/11/13,47446
683,贺烀耐,12,2001/11/14,32690
684,贺铽栳,56,2001/11/15,30110
685,蒙线桂,94,2001/11/16,23271
686,娄瞑虏,63,2001/11/17,48679
687,娄漓哗,3,2001/11/18,45341
688,娄局皮,72,2001/11/19,27818
689,车正公,1,2001/11/20,40760
690,车正拼,5,2001/11/21,25157
691,车正凹,78,2001/11/22,20406
692,车正棕,97,2001/11/23,20851
693,车正菱,51,2001/11/24,30385
694,车正蝻,84,2001/11/25,41592
695,车正扣,18,2001/11/26,47878
696,车正北,77,2001/11/27,35354
697,车正懂,89,2001/11/28,10610
698,车正汞,39,2001/11/29,43359
699,车正嶝,27,2001/11/30,17792
700,车正镳,27,2001/12/1,14730
701,车正槭,100,2001/12/2,37476
702,车正饫,17,2001/12/3,26259
703,车正肄,64,2001/12/4,46399
704,海蚕,79,2001/12/5,28164
705,海麴,6,2001/12/6,27932
706,海禅,10,2001/12/7,46567
707,海呋,51,2001/12/8,34230
708,海拖,47,2001/12/9,17119
709,海科,57,2001/12/10,49636
710,海雅,83,2001/12/11,39243
711,海疑,47,2001/12/12,30445
712,海钗,56,2001/12/13,34939
713,海霸,63,2001/12/14,46475
714,海鹏,66,2001/12/15,48335
715,海曝,96,2001/12/16,29701
716,海钣,6,2001/12/17,33762
717,海蝤,65,2001/12/18,13464
718,海完,42,2001/12/19,20963
719,燕煞芈,96,2001/12/20,42882
720,燕昔及,85,2001/12/21,22264
721,燕碾裾,67,2001/12/22,31428
722,燕憧噗,36,2001/12/23,26588
723,燕伫武,72,2001/12/24,40325
724,燕省兢,83,2001/12/25,43051
725,燕摇厶,4,2001/12/26,28816
726,燕谱杞,86,2001/12/27,12071
727,燕沛雌,62,2001/12/28,36395
728,燕饰酰,77,2001/12/29,12236
729,燕厚戍,30,2001/12/30,17204
730,应妁膀,36,2001/12/31,35742
731,应小捣,47,2002/1/1,45758
732,应檀识,63,2002/1/2,37773
733,应歙邗,29,2002/1/3,25805
734,应条愤,85,2002/1/4,38965
735,应姨窦,6,2002/1/5,11465
736,应妩郜,90,2002/1/6,34909
737,应缩傩,50,2002/1/7,32368
738,应泅读,97,2002/1/8,15332
739,应腰雇,56,2002/1/9,40666
740,应枝亥,44,2002/1/10,48866
741,应癣粳,99,2002/1/11,41794
742,应陵鄞,76,2002/1/12,44597
743,应恋穆,84,2002/1/13,26186
744,应毪烩,71,2002/1/14,22986
745,应肱劓,28,2002/1/15,19416
746,南郭簇,98,2002/1/16,37833
747,南郭淀,10,2002/1/17,44397
748,南郭佧,22,2002/1/18,22427
749,南郭竞,58,2002/1/19,20046
750,南郭臼,62,2002/1/20,41511
751,南郭颗,38,2002/1/21,11356
752,南郭程,46,2002/1/22,22169
753,南郭余,47,2002/1/23,28706
754,南郭硭,12,2002/1/24,43433
755,南郭鹄,46,2002/1/25,35190
756,南郭郇,2,2002/1/26,47251
757,南郭卖,84,2002/1/27,28370
758,南郭合,13,2002/1/28,17152
759,南郭僚,83,2002/1/29,32045
760,祭阎,87,2002/1/30,16957
761,祭奚,51,2002/1/31,49329
762,祭梯,58,2002/2/1,24884
763,祭藁,37,2002/2/2,37794
764,祭钮,93,2002/2/3,47384
765,祭垂,27,2002/2/4,13734
766,祭炖,61,2002/2/5,21937
767,祭絮,62,2002/2/6,37757
768,祭揽,58,2002/2/7,19327
769,祭丽,96,2002/2/8,15043
770,祭炉,68,2002/2/9,36002
771,祭瑁,54,2002/2/10,41756
772,祭禽,88,2002/2/11,22061
773,祭位,76,2002/2/12,47479
774,祭瑚,32,2002/2/13,46375
775,满澶踞,20,2002/2/14,14991
776,满迸崭,36,2002/2/15,41820
777,满蠛饶,46,2002/2/16,17765
778,满它薷,10,2002/2/17,32751
779,满括遒,65,2002/2/18,32167
780,满飚衰,35,2002/2/19,18828
781,满郗怿,59,2002/2/20,20447
782,满箝辅,27,2002/2/21,30736
783,满纟吮,33,2002/2/22,12732
784,满要锊,48,2002/2/23,26069
785,满肱凯,95,2002/2/24,31501
786,满韦括,15,2002/2/25,41477
787,满詹娈,9,2002/2/26,46321
788,满哪艿,70,2002/2/27,42363
789,羿蹼,37,2002/2/28,10325
790,羿扩,85,2002/3/1,21354
791,羿逑,93,2002/3/2,42920
792,羿绗,55,2002/3/3,11802
793,羿矗,27,2002/3/4,33795
794,羿吼,36,2002/3/5,22282
795,羿阅,10,2002/3/6,16131
796,羿胳,78,2002/3/7,32866
797,羿鸸,11,2002/3/8,46639
798,羿埯,65,2002/3/9,41974
799,羿潘,59,2002/3/10,40727
800,羿筲,62,2002/3/11,46326
801,羿觑,31,2002/3/12,31719
802,羿扮,37,2002/3/13,43326
803,羿情,59,2002/3/14,37279
804,羿腌,85,2002/3/15,46300
805,羿噌,38,2002/3/16,35146
806,羿俐,18,2002/3/17,34855
807,羿练,85,2002/3/18,45163
808,羿蓬,15,2002/3/19,17372
809,羿渝,9,2002/3/20,47268
810,羿西,97,2002/3/21,37676
811,羿网,25,2002/3/22,49879
812,羿簇,38,2002/3/23,20478
813,羿掀,35,2002/3/24,39624
814,羿瞢,78,2002/3/25,12314
815,羿迳,79,2002/3/26,31466
816,羿楫,84,2002/3/27,25674
817,羿刭,32,2002/3/28,15613
818,羿侑,3,2002/3/29,24934
819,羿睢,78,2002/3/30,18226
820,羿鲈,0,2002/3/31,39119
821,羿磅,70,2002/4/1,29620
822,羿筚,38,2002/4/2,34155
823,羿凳,1,2002/4/3,29840
824,羿霰,71,2002/4/4,39709
825,谢韬,86,2002/4/5,40072
826,谢邴,75,2002/4/6,30645
827,谢彰,48,2002/4/7,23931
828,谢较,95,2002/4/8,37701
829,谢唱,51,2002/4/9,12694
830,谢尢,32,2002/4/10,31298
831,谢坍,7,2002/4/11,46665
832,谢蜂,33,2002/4/12,29218
833,谢苁,25,2002/4/13,11148
834,谢蓑,56,2002/4/14,33060
835,谢撙,61,2002/4/15,16553
836,谢屦,40,2002/4/16,21426
837,谢蛲,69,2002/4/17,45912
838,谢衲,50,2002/4/18,12282
839,谢褶,91,2002/4/19,36619
840,谢岍,8,2002/4/20,17264
841,谢休,51,2002/4/21,46138
842,谢充,78,2002/4/22,44314
843,谢铝,98,2002/4/23,17749
844,谢许,36,2002/4/24,49416
845,谢夸,89,2002/4/25,39775
846,谢遁,72,2002/4/26,31754
847,谢亢,9,2002/4/27,16393
848,郇谄,7,2002/4/28,47808
849,郇抄,69,2002/4/29,48531
850,郇图,100,2002/4/30,25270
851,郇脲,46,2002/5/1,31149
852,郇瓞,80,2002/5/2,19205
853,郇鹧,88,2002/5/3,30372
854,郇柜,30,2002/5/4,40634
855,郇馕,99,2002/5/5,30132
856,郇枝,98,2002/5/6,40494
857,郇瘅,46,2002/5/7,38501
858,郇淤,69,2002/5/8,16510
859,郇拔,8,2002/5/9,17994
860,郇扎,9,2002/5/10,30730
861,郇讠,57,2002/5/11,39364
862,郇瞟,76,2002/5/12,41516
863,郇抡,85,2002/5/13,31359
864,郇湄,42,2002/5/14,17523
865,郇佚,48,2002/5/15,12064
866,郇鲠,36,2002/5/16,13137
867,郇趑,17,2002/5/17,13728
868,郇数,22,2002/5/18,18567
869,郇於,82,2002/5/19,40857
870,郇酩,64,2002/5/20,16220
871,郇诉,78,2002/5/21,26862
872,郇难,17,2002/5/22,19842
873,郇戍,38,2002/5/23,25196
874,郇饷,32,2002/5/24,47645
875,郇郯,19,2002/5/25,38191
876,郇媒,39,2002/5/26,13785
877,邹跏谵,98,2002/5/27,13830
878,邹椤槎,23,2002/5/28,11561
879,邹兢朋,67,2002/5/29,13405
880,储骈谤,60,2002/5/30,18890
881,储艰柠,9,2002/5/31,37998
882,储猾咆,29,2002/6/1,28254
883,储喜疆,25,2002/6/2,22722
884,储豹晾,35,2002/6/3,11782
885,储饽馍,3,2002/6/4,22809
886,储集羸,57,2002/6/5,26764
887,储狼尼,94,2002/6/6,10775
888,储铺苓,92,2002/6/7,43714
889,储乃猎,5,2002/6/8,49656
890,储炜立,91,2002/6/9,26598
891,储愈也,29,2002/6/10,45163
892,储蘩耗,39,2002/6/11,19201
893,储雉榷,41,2002/6/12,31470
894,储害撖,9,2002/6/13,23000
895,储夹儒,86,2002/6/14,47123
896,储圈姥,15,2002/6/15,25699
897,储颃倔,39,2002/6/16,35227
898,储蚵丨,81,2002/6/17,47825
899,储獗阴,64,2002/6/18,23501
900,储论婶,14,2002/6/19,25570
901,储微猖,43,2002/6/20,22314
902,贺绠,69,2002/6/21,33028
903,贺捣,21,2002/6/22,39884
904,贺杉,64,2002/6/23,40589
905,贺骗,33,2002/6/24,25625
906,贺痊,59,2002/6/25,27951
907,贺邾,85,2002/6/26,28515
908,贺挑,39,2002/6/27,10610
909,贺冗,28,2002/6/28,33409
910,贺肠,15,2002/6/29,15922
911,贺岗,92,2002/6/30,10933
912,贺枥,8,2002/7/1,11973
913,贺矩,82,2002/7/2,49967
914,贺茁,15,2002/7/3,37154
915,贺飞,22,2002/7/4,35455
916,贺涎,37,2002/7/5,48724
917,贺颛,39,2002/7/6,17789
918,贺绝,72,2002/7/7,16876
919,贺瞳,27,2002/7/8,45240
920,贺从,28,2002/7/9,35006
921,贺砰,75,2002/7/10,37449
922,贺氚,73,2002/7/11,30051
923,贺晌,76,2002/7/12,26431
924,贺况,41,2002/7/13,11105
925,贺棕,100,2002/7/14,10927
926,贺邻,71,2002/7/15,47606
927,贺勘,6,2002/7/16,35257
928,贺菜,75,2002/7/17,36448
929,虎怎,26,2002/7/18,41975
930,虎颓,52,2002/7/19,36164
931,虎蛛,23,2002/7/20,11627
932,虎堵,7,2002/7/21,32421
933,虎窀,2,2002/7/22,30750
934,虎嗖,51,2002/7/23,18869
935,虎湮,99,2002/7/24,30373
936,虎闷,27,2002/7/25,23521
937,虎皤,32,2002/7/26,48227
938,虎泰,50,2002/7/27,25664
939,虎林,52,2002/7/28,20731
940,虎辐,62,2002/7/29,12541
941,虎鹭,56,2002/7/30,29555
942,虎尽,99,2002/7/31,23625
943,虎澶,35,2002/8/1,20797
944,虎疲,35,2002/8/2,35582
945,虎酃,38,2002/8/3,46944
946,虎殴,39,2002/8/4,25380
947,虎暧,81,2002/8/5,23255
948,虎掌,18,2002/8/6,16973
949,虎价,47,2002/8/7,22175
950,虎汉,81,2002/8/8,20626
951,虎耗,72,2002/8/9,36145
952,甘羿鲂,81,2002/8/10,41981
953,甘怂比,41,2002/8/11,32218
954,甘尜版,12,2002/8/12,49463
955,甘射骘,83,2002/8/13,20632
956,甘够阄,58,2002/8/14,33156
957,甘忐冈,45,2002/8/15,27203
958,甘沛旬,99,2002/8/16,33115
959,祁昃炖,71,2002/8/17,37534
960,祁锎殷,12,2002/8/18,45771
961,祁艋皆,57,2002/8/19,18886
962,祁蠊畎,72,2002/8/20,23927
963,祁票芫,84,2002/8/21,39957
964,祁具郑,47,2002/8/22,34906
965,祁脸蹉,58,2002/8/23,46544
966,祁绑灭,81,2002/8/24,33685
967,祁嚎爻,21,2002/8/25,15644
968,祁质嘣,77,2002/8/26,24092
969,祁浙丸,76,2002/8/27,39011
970,祁匈吖,96,2002/8/28,14726
971,祁斤爸,33,2002/8/29,27490
972,祁邡惬,74,2002/8/30,18279
973,祁袁佾,29,2002/8/31,17748
974,祁掰狷,22,2002/9/1,31782
975,祁莜职,90,2002/9/2,22498
976,祁珐稷,6,2002/9/3,37291
977,祁螟甬,24,2002/9/4,41046
978,祁向沲,22,2002/9/5,48817
979,北宫非,45,2002/9/6,37214
980,北宫丙,54,2002/9/7,25377
981,北宫舄,23,2002/9/8,26740
982,北宫仵,96,2002/9/9,23381
983,北宫筮,33,2002/9/10,20411
984,北宫葩,12,2002/9/11,30233
985,北宫缕,49,2002/9/12,16035
986,北宫惟,97,2002/9/13,10601
987,北宫贩,77,2002/9/14,37419
988,北宫跪,65,2002/9/15,40247
989,北宫宙,74,2002/9/16,27124
990,北宫瓴,35,2002/9/17,41316
991,北宫唛,7,2002/9/18,15291
992,北宫敉,3,2002/9/19,27560
993,北宫磺,0,2002/9/20,47215
994,北宫辟,37,2002/9/21,40972
995,北宫饮,35,2002/9/22,13753
996,北宫冶,6,2002/9/23,49501
997,北宫辏,49,2002/9/24,30081
998,北宫埠,74,2002/9/25,16631
999,北宫溻,67,2002/9/26,14545
1000,北宫飘,61,2002/9/27,15485
1001,北宫龋,11,2002/9/28,41953
1002,北宫脱,68,2002/9/29,39985
1003,北宫顼,28,2002/9/30,39254
1004,北宫岔,16,2002/10/1,18024
1005,北宫呙,95,2002/10/2,29543
1006,祭屡胁,99,2002/10/3,21610
1007,祭脲滕,25,2002/10/4,17966
1008,祭仑窒,5,2002/10/5,27822
1009,祭羽屹,66,2002/10/6,48252
1010,祭拴圾,90,2002/10/7,47122
1011,祭珍莺,72,2002/10/8,37907
1012,祭轰雕,47,2002/10/9,24817
1013,祭毂猫,75,2002/10/10,22234
1014,祭壬吮,48,2002/10/11,22553
1015,祭供枚,99,2002/10/12,30921
1016,祭淇益,29,2002/10/13,33545
1017,祭笃湛,58,2002/10/14,26270
1018,祭锺珈,56,2002/10/15,27456
1019,祭通鹩,97,2002/10/16,49174
1020,祭鞘淑,93,2002/10/17,49909
1021,祭汇澳,95,2002/10/18,27288
1022,祭剁蔫,44,2002/10/19,19579
1023,祭獐阚,46,2002/10/20,19816
1024,祭沉扁,11,2002/10/21,20450
1025,祭邗乳,33,2002/10/22,28722
1026,邹骋,67,2002/10/23,44280
1027,邹宗,64,2002/10/24,33116
1028,邹聂,45,2002/10/25,40163
1029,邹铅,36,2002/10/26,37001
1030,邹鄱,33,2002/10/27,47075
1031,邹帱,72,2002/10/28,20198
1032,邹愉,16,2002/10/29,49156
1033,邹朊,36,2002/10/30,34425
1034,邹鸦,3,2002/10/31,41872
1035,邹撄,64,2002/11/1,46256
1036,邹劲,5,2002/11/2,21576
1037,郇叫希,38,2002/11/3,30213
1038,郇亦舔,75,2002/11/4,38975
1039,郇伐汊,44,2002/11/5,13843
1040,郇莺尊,79,2002/11/6,40148
1041,郇衔楮,10,2002/11/7,38839
1042,郇沉阃,0,2002/11/8,37600
1043,郇汊睬,65,2002/11/9,37850
1044,郇晤卯,12,2002/11/10,28368
1045,郇焕腕,80,2002/11/11,10543
1046,郇枉铢,83,2002/11/12,46320
1047,郇凝洵,94,2002/11/13,12857
1048,郇桤绡,29,2002/11/14,40296
1049,郇栩舜,92,2002/11/15,35071
1050,郇劐扌,97,2002/11/16,39446
1051,郇衅架,54,2002/11/17,15046
1052,郇羟概,42,2002/11/18,44445
1053,郇跖奎,63,2002/11/19,15021
1054,郇飞糗,79,2002/11/20,25488
1055,郇础哌,31,2002/11/21,30111
1056,郇萝郄,53,2002/11/22,17405
1057,郇睫螯,91,2002/11/23,12227
1058,郇芯腹,49,2002/11/24,21602
1059,郇拽夸,38,2002/11/25,41632
1060,郇愫笋,23,2002/11/26,24203
1061,郇贤诋,77,2002/11/27,24331
1062,冀毹溧,97,2002/11/28,31304
1063,冀笸李,62,2002/11/29,32624
1064,冀茂线,29,2002/11/30,41698
1065,冀茴皇,80,2002/12/1,45565
1066,冀笾嗤,67,2002/12/2,45288
1067,冀炮咔,44,2002/12/3,26392
1068,冀文祟,24,2002/12/4,24464
1069,冀廴趋,52,2002/12/5,20651
1070,冀脸蘼,66,2002/12/6,47139
1071,冀挞惯,55,2002/12/7,15957
1072,冀蟪砒,57,2002/12/8,23787
1073,冀溺僳,6,2002/12/9,13088
1074,冀及栗,65,2002/12/10,21614
1075,冀宙岈,35,2002/12/11,47053
1076,冀呔病,36,2002/12/12,36648
1077,冀猓悄,64,2002/12/13,14517
1078,冀戢钺,86,2002/12/14,35875
1079,冀摭鹌,6,2002/12/15,49603
1080,冀睃茶,14,2002/12/16,25265
1081,冀肢毙,73,2002/12/17,26839
1082,冀脯唣,60,2002/12/18,15999
1083,冀灰躲,96,2002/12/19,35797
1084,冀骑之,48,2002/12/20,15039
1085,冀娃曲,40,2002/12/21,28633
1086,冀弼嬴,37,2002/12/22,43570
1087,冀遏霪,28,2002/12/23,40979
1088,冀莰俸,98,2002/12/24,10072
1089,冀讠靓,94,2002/12/25,35304
1090,冀谩洌,58,2002/12/26,10886
1091,冀眶蜂,91,2002/12/27,22896
1092,冀沲装,71,2002/12/28,18720
1093,冀辩攸,42,2002/12/29,38091
1094,冀瞠贶,57,2002/12/30,49838
1095,冀特诋,45,2002/12/31,11651
1096,冀偃渎,27,2003/1/1,34451
1097,冀昼瓜,90,2003/1/2,26057
1098,冀浜莺,1,2003/1/3,17358
1099,冀拳枢,65,2003/1/4,30515
1100,应飘,7,2003/1/5,44328
1101,应卫,80,2003/1/6,41882
1102,应酴,47,2003/1/7,43707
1103,应浚,52,2003/1/8,13118
1104,应赙,66,2003/1/9,13879
1105,应阪,73,2003/1/10,15899
1106,应鲠,59,2003/1/11,26115
1107,应烁,38,2003/1/12,44083
1108,应赂,84,2003/1/13,49977
1109,应炬,65,2003/1/14,17713
1110,应怼,80,2003/1/15,43182
1111,应躔,52,2003/1/16,35873
1112,应哲,49,2003/1/17,19911
1113,应众,19,2003/1/18,18915
1114,应傩,57,2003/1/19,29311
1115,应罅,86,2003/1/20,28731
1116,应悉,66,2003/1/21,34377
1117,应诤,58,2003/1/22,42444
1118,应嬴,39,2003/1/23,45136
1119,应忄,92,2003/1/24,22059
1120,应陆,92,2003/1/25,36431